{"4": {"name": "\u5feb\u9012\u7ad9", "campus": 1, "items": [], "x": 149.4333913973771, "y": 4.0}, "6": {"name": "\u6392\u7403\u573a", "campus": 1, "items": [], "x": 180.0, "y": 6.0}, "9": {"name": "\u7bee\u7403\u573a", "campus": 1, "items": [], "x": 180.0, "y": 9.0}, "11": {"name": "\u8fd0\u52a8\u573a", "campus": 1, "items": [], "x": 261.9472504575809, "y": 11.0}, "16": {"name": "\u71d5\u5317\u56ed\u4e09\u53f7\u697c", "campus": 1, "items": [], "x": 287.61154532157036, "y": 16.0}, "17": {"name": "\u71d5\u5317\u56ed\u4e8c\u53f7\u697c", "campus": 1, "items": [], "x": 270.0, "y": 17.0}, "22": {"name": "\u71d5\u5317\u56ed\u4e00\u53f7\u697c", "campus": 1, "items": [], "x": 169.50924158755797, "y": 22.0}, "25": {"name": "\u8d85\u5e02\u5546\u8d38\u533a", "campus": 1, "items": [], "x": 139.02211936438908, "y": 25.0}, "29": {"name": "\u71d5\u5357\u56ed", "campus": 1, "items": ["\u71d5\u5357\u56edS4-101", "\u71d5\u5357\u56edS4-102", "\u71d5\u5357\u56edS4-103", "\u71d5\u5357\u56edS4-108", "\u71d5\u5357\u56edS4-107", "\u71d5\u5357\u56edS4-110", "\u71d5\u5357\u56edS4-109", "\u71d5\u5357\u56edS4-112", "\u71d5\u5357\u56edS4-111", "\u71d5\u5357\u56edS4-114", "\u71d5\u5357\u56edS4-113", "\u71d5\u5357\u56edS4-116", "\u71d5\u5357\u56edS4-115", "\u71d5\u5357\u56edS4-104", "\u71d5\u5357\u56edS4-105", "\u71d5\u5357\u56edS4-117", "\u71d5\u5357\u56edS4-118", "\u71d5\u5357\u56edS4-207", "\u71d5\u5357\u56edS4-208", "\u71d5\u5357\u56edS4-209", "\u71d5\u5357\u56edS4-210", "\u71d5\u5357\u56edS4-212", "\u71d5\u5357\u56edS4-211", "\u71d5\u5357\u56edS4-213", "\u71d5\u5357\u56edS4-214", "\u71d5\u5357\u56edS4-205", "\u71d5\u5357\u56edS4-206", "\u71d5\u5357\u56edS4-203", "\u71d5\u5357\u56edS4-204", "\u71d5\u5357\u56edS4-201", "\u71d5\u5357\u56edS4-202", "\u71d5\u5357\u56edS4-216", "\u71d5\u5357\u56edS4-215", "\u71d5\u5357\u56edS4-218", "\u71d5\u5357\u56edS4-217", "\u71d5\u5357\u56edS4-220", "\u71d5\u5357\u56edS4-219", "\u71d5\u5357\u56edS4-222", "\u71d5\u5357\u56edS4-221", "\u71d5\u5357\u56edS4-224", "\u71d5\u5357\u56edS4-223", "\u71d5\u5357\u56edS4-226", "\u71d5\u5357\u56edS4-225", "\u71d5\u5357\u56edS4-106", "\u71d5\u5357\u56edS4-301", "\u71d5\u5357\u56edS4-302", "\u71d5\u5357\u56edS4-303", "\u71d5\u5357\u56edS4-304", "\u71d5\u5357\u56edS4-305", "\u71d5\u5357\u56edS4-306", "\u71d5\u5357\u56edS4-309", "\u71d5\u5357\u56edS4-310", "\u71d5\u5357\u56edS4-308", "\u71d5\u5357\u56edS4-307", "\u71d5\u5357\u56edS4-312", "\u71d5\u5357\u56edS4-311", "\u71d5\u5357\u56edS4-314", "\u71d5\u5357\u56edS4-313", "\u71d5\u5357\u56edS4-315", "\u71d5\u5357\u56edS4-316", "\u71d5\u5357\u56edS4-320", "\u71d5\u5357\u56edS4-319", "\u71d5\u5357\u56edS4-318", "\u71d5\u5357\u56edS4-317", "\u71d5\u5357\u56edS4-322", "\u71d5\u5357\u56edS4-321"], "x": 66.14052351251773, "y": 29.0}, "34": {"name": "\u5b66\u751f\u98df\u5802", "campus": 1, "items": [], "x": 161.24590973063997, "y": 34.0}, "38": {"name": "\u6559\u5de5\u98df\u5802", "campus": 1, "items": [], "x": 227.30657179224923, "y": 38.0}, "41": {"name": "\u6821\u533b\u9662", "campus": 1, "items": [], "x": 281.4133997665197, "y": 41.0}, "43": {"name": "\u884c\u653f\u529e\u516c\u697c", "campus": 1, "items": [], "x": 224.5140536016706, "y": 43.0}, "45": {"name": "\u4fbf\u5229\u5e97", "campus": 1, "items": [], "x": 170.50636145293262, "y": 45.0}, "47": {"name": "\u8425\u4e1a\u5385", "campus": 1, "items": [], "x": 139.30888232112187, "y": 47.0}, "49": {"name": "\u90ae\u5c40", "campus": 1, "items": [], "x": 140.96329409326336, "y": 49.0}, "51": {"name": "\u751f\u6d3b\u52a8\u4e2d", "campus": 1, "items": [], "x": 164.59774798099878, "y": 51.0}, "55": {"name": "ATM\u673a", "campus": 1, "items": [], "x": 145.0, "y": 55.0}, "56": {"name": "\u4e1c\u914d\u697c", "campus": 1, "items": [], "x": 270.79507849301035, "y": 56.0}, "58": {"name": "\u56fe\u4e66\u9986", "campus": 1, "items": [], "x": 200.0, "y": 58.0}, "62": {"name": "\u6559\u5b66\u7efc\u5408\u697cN", "campus": 1, "items": ["\u6559\u5b66\u7efc\u5408\u697cN-101", "\u6559\u5b66\u7efc\u5408\u697cN-102", "\u6559\u5b66\u7efc\u5408\u697cN-103", "\u6559\u5b66\u7efc\u5408\u697cN-104", "\u6559\u5b66\u7efc\u5408\u697cN-105", "\u6559\u5b66\u7efc\u5408\u697cN-106", "\u6559\u5b66\u7efc\u5408\u697cN-107", "\u6559\u5b66\u7efc\u5408\u697cN-207", "\u6559\u5b66\u7efc\u5408\u697cN-205", "\u6559\u5b66\u7efc\u5408\u697cN-206", "\u6559\u5b66\u7efc\u5408\u697cN-203", "\u6559\u5b66\u7efc\u5408\u697cN-204", "\u6559\u5b66\u7efc\u5408\u697cN-201", "\u6559\u5b66\u7efc\u5408\u697cN-202", "\u6559\u5b66\u7efc\u5408\u697cN-307", "\u6559\u5b66\u7efc\u5408\u697cN-305", "\u6559\u5b66\u7efc\u5408\u697cN-306", "\u6559\u5b66\u7efc\u5408\u697cN-303", "\u6559\u5b66\u7efc\u5408\u697cN-304", "\u6559\u5b66\u7efc\u5408\u697cN-301", "\u6559\u5b66\u7efc\u5408\u697cN-302"], "x": 100.0, "y": 62.0}, "67": {"name": "\u6559\u5b66\u7efc\u5408\u697cS", "campus": 1, "items": [], "x": 28.717260537382142, "y": 67.0}, "71": {"name": "\u5b9e\u9a8c\u697c", "campus": 1, "items": ["\u5b9e\u9a8c\u697c111", "\u5b9e\u9a8c\u697c109", "\u5b9e\u9a8c\u697c112", "\u5b9e\u9a8c\u697c110", "\u5b9e\u9a8c\u697c107", "\u5b9e\u9a8c\u697c108", "\u5b9e\u9a8c\u697c105", "\u5b9e\u9a8c\u697c106", "\u5b9e\u9a8c\u697c103", "\u5b9e\u9a8c\u697c104", "\u5b9e\u9a8c\u697c101", "\u5b9e\u9a8c\u697c102", "\u5b9e\u9a8c\u697c126", "\u5b9e\u9a8c\u697c124", "\u5b9e\u9a8c\u697c125", "\u5b9e\u9a8c\u697c123", "\u5b9e\u9a8c\u697c122", "\u5b9e\u9a8c\u697c120", "\u5b9e\u9a8c\u697c121", "\u5b9e\u9a8c\u697c118", "\u5b9e\u9a8c\u697c119", "\u5b9e\u9a8c\u697c113", "\u5b9e\u9a8c\u697c114", "\u5b9e\u9a8c\u697c115", "\u5b9e\u9a8c\u697c116", "\u5b9e\u9a8c\u697c117", "\u5b9e\u9a8c\u697c210", "\u5b9e\u9a8c\u697c211", "\u5b9e\u9a8c\u697c208", "\u5b9e\u9a8c\u697c209", "\u5b9e\u9a8c\u697c206", "\u5b9e\u9a8c\u697c207", "\u5b9e\u9a8c\u697c205", "\u5b9e\u9a8c\u697c202", "\u5b9e\u9a8c\u697c204", "\u5b9e\u9a8c\u697c203", "\u5b9e\u9a8c\u697c215", "\u5b9e\u9a8c\u697c216", "\u5b9e\u9a8c\u697c217", "\u5b9e\u9a8c\u697c218", "\u5b9e\u9a8c\u697c219", "\u5b9e\u9a8c\u697c220", "\u5b9e\u9a8c\u697c221", "\u5b9e\u9a8c\u697c222", "\u5b9e\u9a8c\u697c223", "\u5b9e\u9a8c\u697c224", "\u5b9e\u9a8c\u697c201", "\u5b9e\u9a8c\u697c225", "\u5b9e\u9a8c\u697c212", "\u5b9e\u9a8c\u697c213", "\u5b9e\u9a8c\u697c214", "\u5b9e\u9a8c\u697c311", "\u5b9e\u9a8c\u697c310", "\u5b9e\u9a8c\u697c312", "\u5b9e\u9a8c\u697c313", "\u5b9e\u9a8c\u697c314", "\u5b9e\u9a8c\u697c308", "\u5b9e\u9a8c\u697c309", "\u5b9e\u9a8c\u697c306", "\u5b9e\u9a8c\u697c307", "\u5b9e\u9a8c\u697c304", "\u5b9e\u9a8c\u697c305", "\u5b9e\u9a8c\u697c302", "\u5b9e\u9a8c\u697c303", "\u5b9e\u9a8c\u697c323", "\u5b9e\u9a8c\u697c324", "\u5b9e\u9a8c\u697c321", "\u5b9e\u9a8c\u697c322", "\u5b9e\u9a8c\u697c319", "\u5b9e\u9a8c\u697c320", "\u5b9e\u9a8c\u697c318", "\u5b9e\u9a8c\u697c317", "\u5b9e\u9a8c\u697c315", "\u5b9e\u9a8c\u697c316", "\u5b9e\u9a8c\u697c301", "\u5b9e\u9a8c\u697c325"], "x": 80.54087566285818, "y": 71.0}, "75": {"name": "\u6d17\u8863\u623f", "campus": 1, "items": [], "x": 194.72330974020008, "y": 75.0}, "77": {"name": "\u95e8\u536b", "campus": 1, "items": [], "x": 129.0, "y": 77.0}, "135": {"name": "\u897f\u571f\u57ce\u6821\u95e8", "campus": 2, "items": [], "x": 560.0, "y": 135.0}, "136": {"name": "\u8f66\u5e93", "campus": 2, "items": [], "x": 700.0, "y": 136.0}, "140": {"name": "\u6821\u533b\u9662", "campus": 2, "items": [], "x": 864.4988096277058, "y": 140.0}, "145": {"name": "\u5bb6\u5c5e\u533a", "campus": 2, "items": [], "x": 956.4470948443012, "y": 145.0}, "148": {"name": "\u5b66\u4e00\u516c\u5bd3", "campus": 2, "items": [], "x": 674.368457145932, "y": 148.0}, "151": {"name": "\u5b66\u4e09\u516c\u5bd3", "campus": 2, "items": [], "x": 624.4982007572701, "y": 151.0}, "155": {"name": "\u5b66\u751f\u6d3b\u52a8\u4e2d\u5fc3", "campus": 2, "items": [], "x": 621.3813097329787, "y": 155.0}, "159": {"name": "\u5b66\u751f\u98df\u5802", "campus": 2, "items": [], "x": 496.70566876132375, "y": 159.0}, "163": {"name": "\u884c\u653f\u529e\u516c\u697c", "campus": 2, "items": [], "x": 400.0820470082912, "y": 163.0},